{"cameraMode":{"drawMode":0,"name":"Shaded","section":"Shading Mode"},"sceneLighting":false,"audioPlay":false,"sceneViewState":{"showFog":true,"showMaterialUpdate":false,"showSkybox":false,"showFlares":true,"showImageEffects":true,"showParticleSystems":true},"in2DMode":false,"pivot":{"x":0.6476503014564514,"y":0.26609885692596438,"z":3.612487316131592},"rotation":{"x":-0.03795076906681061,"y":0.9551368951797485,"z":-0.2594234347343445,"w":-0.1398131102323532},"size":1.4701659679412842,"orthographic":false}